Producto,Título encontrado,Precio,Precio lista,ID producto,URL,Vendedor,Imagen
Push Car Prinsel Adventure Rojo,Carrito Montable Bebe Sombrilla Niño Push Car,1469.0,,00077778621215,https://www.walmart.com.mx/ip/montables/carrito-montable-bebe-sombrilla-nino-push-car/00077778621215?from=/search,BEST MI,imgs/img_Push_Car_Prinsel_Adventure_Rojo_1_0.jpg
Push Car Prinsel Adventure Rojo,Push Car Prinsel Adventure Boy,1579.0,2499.0,00750103691630,https://www.walmart.com.mx/ip/montables/push-car-prinsel-adventure-boy/00750103691630?athbdg=L1300&from=/search,PRINCO,imgs/img_Push_Car_Prinsel_Adventure_Rojo_1_2.jpg
Push Car Prinsel Adventure Rojo,Montable Push Car Prinsel Corsa Boy Rojo,1449.0,1899.0,00046165045926,https://www.walmart.com.mx/ip/montables/montable-push-car-prinsel-corsa-boy-rojo/00046165045926?athbdg=L1300&from=/search,Traviesitos Shop,imgs/img_Push_Car_Prinsel_Adventure_Rojo_1_6.jpg
Push Car Prinsel Adventure Rojo,Carrito Montable Bebe Sombrilla Niño Push Car MyTek Mini Movil Rojo,1189.0,1579.0,00068194405205,https://www.walmart.com.mx/ip/montables/carrito-montable-bebe-sombrilla-nino-push-car-mytek-mini-movil-rojo/00068194405205?athbdg=L1300&from=/search,BEST MI,imgs/img_Push_Car_Prinsel_Adventure_Rojo_1_9.jpg
Push Car Prinsel Adventure Rojo,"Step2 Extreme Coaster Toy for Kids, Ride On Push Car, Indoor/Outdoor Roller Coaster Ride Playset, Toddler Ages 3 - 8 Years Old, Compact Storage, Max Weight 75 lbs., Easy Assembly",21368.0,27778.0,00073353885169,https://www.walmart.com.mx/ip/montables/step2-extreme-coaster-toy-for-kids-ride-on-push-car-indoor-outdoor-roller-coaster-ride-playset-toddler-ages-3-8-years-old-compact-storage-max-weight-75-lbs-easy-assembly/00073353885169?athbdg=L1300&from=/search,Ranor Infinity,imgs/img_Push_Car_Prinsel_Adventure_Rojo_1_12.jpg
Push Car Prinsel Adventure Rojo,Carrito Push Car Montable Infantil Prinsel Fiat 500 Rojo rojo 1,2249.0,2799.0,00750103691731,https://www.walmart.com.mx/ip/montables/carrito-push-car-montable-infantil-prinsel-fiat-500-rojo-rojo-1/00750103691731?athbdg=L1300&from=/search,BEST MI,imgs/img_Push_Car_Prinsel_Adventure_Rojo_1_16.jpg
Push Car Prinsel Adventure Rojo,Montable Step2 Push Around Buggy GT Rojo,2298.0,,00073353887449,https://www.walmart.com.mx/ip/montables/montable-step2-push-around-buggy-gt-rojo/00073353887449?from=/search,Julio Cepeda Jugueterias SA de CV,imgs/img_Push_Car_Prinsel_Adventure_Rojo_1_19.jpg
Push Car Prinsel Adventure Rojo,Push Car Prinsel Discovery E-line Girl,855.0,1199.0,00750103691669,https://www.walmart.com.mx/ip/montables/push-car-prinsel-discovery-e-line-girl/00750103691669?athbdg=L1300&from=/search,PRINCO,imgs/img_Push_Car_Prinsel_Adventure_Rojo_1_22.jpg
Push Car Prinsel Adventure Rojo,"Push Car Step2 Whisper Ride II para niños, de 1,5 a 4 años, color azul",3118.92,3713.0,00004494289497,https://www.walmart.com.mx/ip/juegos-de-construccion/push-car-step2-whisper-ride-ii-para-ninos-de-1-5-a-4-anos-color-azul/00004494289497?athbdg=L1300&from=/search,Nocnoc,imgs/img_Push_Car_Prinsel_Adventure_Rojo_1_26.jpg
Push Car Prinsel Adventure Rojo,"Step2 Whisper Ride II Kids Push Cars, Ride On Car, Seat Belt, Horn, Toddlers Ages 1.5 – 4 Years Old, Max Weight 50 lbs., Quick Storage, Stroller Substitute, Blue",8650.0,11245.0,00761303550725,https://www.walmart.com.mx/ip/montables/step2-whisper-ride-ii-kids-push-cars-ride-on-car-seat-belt-horn-toddlers-ages-1-5-4-years-old-max-weight-50-lbs-quick-storage-stroller-substitute-blue/00761303550725?athbdg=L1300&from=/search,Ranor Infinity,imgs/img_Push_Car_Prinsel_Adventure_Rojo_1_30.jpg
Push Car Prinsel Adventure Rojo,Fiat push car White,8322.0,10819.0,00085651100800,https://www.walmart.com.mx/ip/montables/fiat-push-car-white/00085651100800?athbdg=L1300&from=/search,Ranor Infinity,imgs/img_Push_Car_Prinsel_Adventure_Rojo_1_33.jpg
Push Car Prinsel Adventure Rojo,Correpasillos Prinsel 1613 Rosa,1449.0,1899.0,00750103691613,https://www.walmart.com.mx/ip/montables/correpasillos-prinsel-1613-rosa/00750103691613?athbdg=L1300&from=/search,Traviesitos Shop,imgs/img_Push_Car_Prinsel_Adventure_Rojo_1_37.jpg
Push Car Prinsel Adventure Rojo,Montable MyToy Herbi Car Rojo,549.0,,00831715055210,https://www.walmart.com.mx/ip/montables/montable-mytoy-herbi-car-rojo/00831715055210?from=/search,Traviesitos Shop,imgs/img_Push_Car_Prinsel_Adventure_Rojo_1_40.jpg
Push Car Prinsel Adventure Rojo,Montable Eléctrico Prinsel Flex Kart Rojo,3419.0,5299.0,00750103691115,https://www.walmart.com.mx/ip/montables/montable-electrico-prinsel-flex-kart-rojo/00750103691115?athbdg=L1300&from=/search,PRINCO,imgs/img_Push_Car_Prinsel_Adventure_Rojo_1_42.jpg
Push Car Prinsel Adventure Rojo,"B. toys – Push CarToy – Ride-On Race Car –Walker Toy - Handle & Storage Space – Lights, Songs & Sounds – 1 Year + – Rollin' Riders - Freddy Zoom",3880.0,5044.0,00006224344426,https://www.walmart.com.mx/ip/montables/b-toys-push-cartoy-ride-on-race-car-walker-toy-handle-storage-space-lights-songs-sounds-1-year-rollin-riders-freddy-zoom/00006224344426?athbdg=L1300&from=/search,Ranor Infinity,imgs/img_Push_Car_Prinsel_Adventure_Rojo_1_45.jpg
PlayHouse 2 en 1 Prinsel Unisex,"Pop2Play Barbie Playhouse, Casa de ensueño para niñas. 47 pulgadas Pop2Play 1",1220.0,,00077117111004,https://www.walmart.com.mx/ip/casitas-y-juegos-de-jardin/pop2play-barbie-playhouse-casa-de-ensueno-para-ninas-47-pulgadas-pop2play-1/00077117111004?from=/search,Sky Collection Baja,imgs/img_PlayHouse_2_en_1_Prinsel_Unisex_1_0.jpg
PlayHouse 2 en 1 Prinsel Unisex,Casita Casa Infantil Prinsel Play House Armable Sonidos blanco 1,2519.0,3199.0,00750103694080,https://www.walmart.com.mx/ip/destacados-juguetes/casita-casa-infantil-prinsel-play-house-armable-sonidos-blanco-1/00750103694080?athbdg=L1300&from=/search,PRINCO,imgs/img_PlayHouse_2_en_1_Prinsel_Unisex_1_2.jpg
PlayHouse 2 en 1 Prinsel Unisex,AVENTURA PARA TIENDA DE EN 1 CON DE AL AIRE LIBRE INTERIOR JARDÍN DE JUGUETES 180x46cm Zulema Tienda para niños Playhouse al aire libre,1814.06,,00060502008205,https://www.walmart.com.mx/ip/casitas-y-juegos-de-jardin/aventura-para-tienda-de-en-1-con-de-al-aire-libre-interior-jardin-de-juguetes-180x46cm-zulema-tienda-para-ninos-playhouse-al-aire-libre/00060502008205?from=/search,Zulema,imgs/img_PlayHouse_2_en_1_Prinsel_Unisex_1_6.jpg
PlayHouse 2 en 1 Prinsel Unisex,1:12 Propiedades de fotos de gramófono de muñeca a escala mini muebles accesorios para muñecas para la habitación de la habitación Playhouse Projects,229.0,276.96,00078455019125,https://www.walmart.com.mx/ip/casitas-y-juegos-de-jardin/1-12-propiedades-de-fotos-de-gramofono-de-muneca-a-escala-mini-muebles-accesorios-para-munecas-para-la-habitacion-de-la-habitacion-playhouse-projects/00078455019125?athbdg=L1300&from=/search,Hugo,imgs/img_PlayHouse_2_en_1_Prinsel_Unisex_1_10.jpg
PlayHouse 2 en 1 Prinsel Unisex,Set LEGO Ninjago Auto de Carreras Ninja EVO de Kai 71780,179.0,,00067341937195,https://www.walmart.com.mx/wapcrs/track?bt=1&eventST=click&plmt=sp-search-bottom~desktop~&pos=1&tax=265051_-1_265068&rdf=1&rd=https%3A%2F%2Fwww.walmart.com.mx%2Fip%2Fjuegos-de-construccion%2Fset-lego-ninjago-auto-de-carreras-ninja-evo-de-kai-71780%2F00067341937195&adUid=5ad20e01-ddcd-4009-9f70-bd7ee9773dff&mloc=sp-search-bottom&pltfm=desktop&pgId=PlayHouse%202%20en%201%20Prinsel%20Unisex&pt=search&spQs=cQ4U9nXKqC2Wm8suTb33f1PxHoFSE9jdeLnXWEilN4Y_p4U0NRtAtbTNdNege1VdL_qZ5pcdwHyfesGCCC7ypVq1q70VkdWeZ0Ssn-8V3e1thECC8ta4mj3SdmXU8yVIbDzadFgQSGL2qNDUvu2NO779CJACduGLXUqtoqRoaIGEPIOSQzK2mcoVrcryQjWaaTa_R3SRz34J0BzNER_oaA&storeId=0000005468&tn=WMT_MX&wtn=hvgqan&bkt=ace1_default%7Cace2_default%7Cace3_default&/ip/juegos-de-construccion/set-lego-ninjago-auto-de-carreras-ninja-evo-de-kai-71780/00067341937195,Walmart,imgs/img_PlayHouse_2_en_1_Prinsel_Unisex_1_13.jpg
PlayHouse 2 en 1 Prinsel Unisex,Set LEGO Ninjago Meca-Dragón Titán de Cole 71821,2119.0,2799.0,00067341938987,https://www.walmart.com.mx/wapcrs/track?bt=1&eventST=click&plmt=sp-search-bottom~desktop~&pos=2&tax=265051_-1_265068&rdf=1&rd=https%3A%2F%2Fwww.walmart.com.mx%2Fip%2Flego%2Fset-lego-ninjago-meca-dragon-titan-de-cole-71821%2F00067341938987&adUid=5ad20e01-ddcd-4009-9f70-bd7ee9773dff&mloc=sp-search-bottom&pltfm=desktop&pgId=PlayHouse%202%20en%201%20Prinsel%20Unisex&pt=search&spQs=cQ4U9nXKqC2Wm8suTb33f-2FkZJwtBiSFOwlwbFAufs_p4U0NRtAtbTNdNege1VdL_qZ5pcdwHyfesGCCC7ypT5EdLXQAtIuUhVvuWUDXR1thECC8ta4mj3SdmXU8yVIbDzadFgQSGL2qNDUvu2NO3h7sBBJDCIo1JMGg0FfODu2D9Wda8RWXQqcB7YIuNzfaTa_R3SRz34J0BzNER_oaA&storeId=0000005468&tn=WMT_MX&wtn=hvgqan&bkt=ace1_default%7Cace2_default%7Cace3_default&/ip/lego/set-lego-ninjago-meca-dragon-titan-de-cole-71821/00067341938987,Walmart,imgs/img_PlayHouse_2_en_1_Prinsel_Unisex_1_16.jpg
PlayHouse 2 en 1 Prinsel Unisex,Set LEGO City Camión de F1 con Autos de F1 RB20 y AMR24 60445,1739.0,,00067341940348,https://www.walmart.com.mx/wapcrs/track?bt=1&eventST=click&plmt=sp-search-bottom~desktop~&pos=3&tax=265051_-1_265068&rdf=1&rd=https%3A%2F%2Fwww.walmart.com.mx%2Fip%2Fjuegos-de-construccion%2Fset-lego-city-camion-de-f1-con-autos-de-f1-rb20-y-amr24-60445%2F00067341940348&adUid=5ad20e01-ddcd-4009-9f70-bd7ee9773dff&mloc=sp-search-bottom&pltfm=desktop&pgId=PlayHouse%202%20en%201%20Prinsel%20Unisex&pt=search&spQs=cQ4U9nXKqC2Wm8suTb33f_PN2ZHHXU7ITl5lDQjKZ1s_p4U0NRtAtbTNdNege1Vdu0uXqXopQCwFIBy2M0QK75VWX2jWGTwJVj8xNBlUIbJ7SxX6pKvvABo4vLA1NBMzBTSK7iWI3GwzBXat01WIjb3MkpjB9BkYmgYuErV-EeKIz9xsd4zcnWV7sTIPLwL7lU9k8uTobp7ugtICFmhImQ&storeId=0000005468&tn=WMT_MX&wtn=hvgqan&bkt=ace1_default%7Cace2_default%7Cace3_default&/ip/juegos-de-construccion/set-lego-city-camion-de-f1-con-autos-de-f1-rb20-y-amr24-60445/00067341940348,Walmart,imgs/img_PlayHouse_2_en_1_Prinsel_Unisex_1_20.jpg
PlayHouse 2 en 1 Prinsel Unisex,Set LEGO City Garaje de F1 y Auto Mercedes-AMG 6 Alpine 60444,1659.0,2199.0,00067341940347,https://www.walmart.com.mx/wapcrs/track?bt=1&eventST=click&plmt=sp-search-bottom~desktop~&pos=4&tax=265051_-1_265068&rdf=1&rd=https%3A%2F%2Fwww.walmart.com.mx%2Fip%2Fjuegos-de-construccion%2Fset-lego-city-garaje-de-f1-y-auto-mercedes-amg-6-alpine-60444%2F00067341940347&adUid=5ad20e01-ddcd-4009-9f70-bd7ee9773dff&mloc=sp-search-bottom&pltfm=desktop&pgId=PlayHouse%202%20en%201%20Prinsel%20Unisex&pt=search&spQs=cQ4U9nXKqC2Wm8suTb33f2EAzrJgoDOpXPh5HPvdCPU_p4U0NRtAtbTNdNege1Vdu0uXqXopQCwFIBy2M0QK75VWX2jWGTwJVj8xNBlUIbJ7SxX6pKvvABo4vLA1NBMzBTSK7iWI3GwzBXat01WIjWuxQGwndo6i3QvFHmKReW5ElNFF3e1YSMllrdGpZQ4rlU9k8uTobp7ugtICFmhImQ&storeId=0000005468&tn=WMT_MX&wtn=hvgqan&bkt=ace1_default%7Cace2_default%7Cace3_default&/ip/juegos-de-construccion/set-lego-city-garaje-de-f1-y-auto-mercedes-amg-6-alpine-60444/00067341940347,Walmart,imgs/img_PlayHouse_2_en_1_Prinsel_Unisex_1_23.jpg
PlayHouse 2 en 1 Prinsel Unisex,Set LEGO Harry Potter Castillo de Hogwarts: Club de Duelo 76441,549.0,729.0,00067341940364,https://www.walmart.com.mx/wapcrs/track?bt=1&eventST=click&plmt=sp-search-bottom~desktop~&pos=5&tax=265051_-1_265068&rdf=1&rd=https%3A%2F%2Fwww.walmart.com.mx%2Fip%2Fjuegos-de-construccion%2Fset-lego-harry-potter-castillo-de-hogwarts-club-de-duelo-76441%2F00067341940364&adUid=5ad20e01-ddcd-4009-9f70-bd7ee9773dff&mloc=sp-search-bottom&pltfm=desktop&pgId=PlayHouse%202%20en%201%20Prinsel%20Unisex&pt=search&spQs=cQ4U9nXKqC2Wm8suTb33f0kQrLEoHhfBexsO79xgsII_p4U0NRtAtbTNdNege1Vdu0uXqXopQCwFIBy2M0QK75VWX2jWGTwJVj8xNBlUIbJ7SxX6pKvvABo4vLA1NBMzBTSK7iWI3GwzBXat01WIjaoWeZHXeZHuyGjcqJPNEfHtvwXu1aQMtu4lWlL3s8aAlU9k8uTobp7ugtICFmhImQ&storeId=0000005468&tn=WMT_MX&wtn=hvgqan&bkt=ace1_default%7Cace2_default%7Cace3_default&/ip/juegos-de-construccion/set-lego-harry-potter-castillo-de-hogwarts-club-de-duelo-76441/00067341940364,Walmart,imgs/img_PlayHouse_2_en_1_Prinsel_Unisex_1_27.jpg
PlayHouse 2 en 1 Prinsel Unisex,Set LEGO City F1 Williams Racing & Autos de Carrera Haas F1 60464,469.0,639.0,00067341940367,https://www.walmart.com.mx/wapcrs/track?bt=1&eventST=click&plmt=sp-search-bottom~desktop~&pos=6&tax=265051_-1_265068&rdf=1&rd=https%3A%2F%2Fwww.walmart.com.mx%2Fip%2Fjuegos-de-construccion%2Fset-lego-city-f1-williams-racing-autos-de-carrera-haas-f1-60464%2F00067341940367&adUid=5ad20e01-ddcd-4009-9f70-bd7ee9773dff&mloc=sp-search-bottom&pltfm=desktop&pgId=PlayHouse%202%20en%201%20Prinsel%20Unisex&pt=search&spQs=cQ4U9nXKqC2Wm8suTb33fywNS7EYKacwzgdkhoImJKQ_p4U0NRtAtbTNdNege1Vdu0uXqXopQCwFIBy2M0QK75VWX2jWGTwJVj8xNBlUIbJ7SxX6pKvvABo4vLA1NBMzBTSK7iWI3GwzBXat01WIjaoWeZHXeZHuyGjcqJPNEfHtvwXu1aQMtu4lWlL3s8aAlU9k8uTobp7ugtICFmhImQ&storeId=0000005468&tn=WMT_MX&wtn=hvgqan&bkt=ace1_default%7Cace2_default%7Cace3_default&/ip/juegos-de-construccion/set-lego-city-f1-williams-racing-autos-de-carrera-haas-f1-60464/00067341940367,Walmart,imgs/img_PlayHouse_2_en_1_Prinsel_Unisex_1_31.jpg
Baby Colecho Beige,Corral Prinsel Baby Colecho Beige Prinsel Baby Colecho Beige,1449.0,1999.0,00750103696020,https://www.walmart.com.mx/ip/cuarto-del-bebe/corral-prinsel-baby-colecho-beige-prinsel-baby-colecho-beige/00750103696020?athbdg=L1300&from=/search,PRINCO,imgs/img_Baby_Colecho_Beige_1_0.jpg
Baby Colecho Beige,Carriola de Manubrio Reversible Baby Buggy BABY BM Beige,1329.0,1965.0,00750229980006,https://www.walmart.com.mx/ip/carriolas/carriola-de-manubrio-reversible-baby-buggy-baby-bm-beige/00750229980006?athbdg=L1300&from=/search,Baby Buggy,imgs/img_Baby_Colecho_Beige_1_3.jpg
Baby Colecho Beige,Cuna Corral Colecho D'bebé Love & Care Con Mosquitero Beige,1308.0,2300.0,00750229980086,https://www.walmart.com.mx/ip/cuarto-del-bebe/cuna-corral-colecho-d-bebe-love-care-con-mosquitero-beige/00750229980086?athbdg=L1300&from=/search,Traviesitos Shop,imgs/img_Baby_Colecho_Beige_1_7.jpg
Baby Colecho Beige,"100pcs Baby Hair Ties Small Elastic Toddler Hair Ties Seamless Hair Bands Ponytail Holders for Kids Girls(2 mm x 2.5 cm,Beige Blonde)",136.19,,00062573390730,https://www.walmart.com.mx/ip/todo-para-tu-negocio/100pcs-baby-hair-ties-small-elastic-toddler-hair-ties-seamless-hair-bands-ponytail-holders-for-kids-girls-2-mm-x-2-5-cm-beige-blonde-/00062573390730?from=/search,Queeti-MX,imgs/img_Baby_Colecho_Beige_1_12.jpg
Baby Colecho Beige,Camino de mesa de macramé beige rectangular de encaje de ganchillo elegante mantel de malla hueca para decoración rústica de boda bohemia decoración de novia y baby shower decoración de mesa,308.0,,00978121378790,https://www.walmart.com.mx/ip/f/camino-de-mesa-de-macrame-beige-rectangular-de-encaje-de-ganchillo-elegante-mantel-de-malla-hueca-para-decoracion-rustica-de-boda-bohemia-decoracion-de-novia-y-baby-shower-decoracion-de-mesa/00978121378790?athbdg=L6000&from=/search,YANGLIN,imgs/img_Baby_Colecho_Beige_1_15.jpg
Baby Colecho Beige,Carriola Para Bebé Baby Lux Travel Systen Con Portabebé Beige.,4449.0,5999.0,00070400166187,https://www.walmart.com.mx/ip/carriolas/carriola-para-bebe-baby-lux-travel-systen-con-portabebe-beige-/00070400166187?athbdg=L1300&from=/search,PRINCO,imgs/img_Baby_Colecho_Beige_1_18.jpg
Baby Colecho Beige,"Cubierta de arco de 1,8 m, elástica, color beige, con ajuste de licra, redonda, ideal para bodas, fiestas de cumpleaños, baby showers y banquetes.",1049.0,1573.5,00943774001551,https://www.walmart.com.mx/ip/f/cubierta-de-arco-de-1-8-m-elastica-color-beige-con-ajuste-de-licra-redonda-ideal-para-bodas-fiestas-de-cumpleanos-baby-showers-y-banquetes-/00943774001551?athbdg=L1300&from=/search,Ormromra,imgs/img_Baby_Colecho_Beige_1_22.jpg
Baby Colecho Beige,"100pcs Baby Hair Ties Small Elastic Toddler Hair Ties Seamless Hair Bands Ponytail Holders for Kids Girls(2 mm x 2.5 cm,Beige Blonde)",163.79,,00062573390773,https://www.walmart.com.mx/ip/todo-para-tu-negocio/100pcs-baby-hair-ties-small-elastic-toddler-hair-ties-seamless-hair-bands-ponytail-holders-for-kids-girls-2-mm-x-2-5-cm-beige-blonde-/00062573390773?from=/search,Queeti-MX,imgs/img_Baby_Colecho_Beige_1_25.jpg
Baby Colecho Beige,"Carriola Reversible The Baby Shop plegable, reclinable, reversible y frenos Beige",1749.0,2279.0,00742728189113,https://www.walmart.com.mx/ip/carriolas/carriola-reversible-the-baby-shop-plegable-reclinable-reversible-y-frenos-beige/00742728189113?athbdg=L1300&from=/search,The Baby Shop,imgs/img_Baby_Colecho_Beige_1_28.jpg
Baby Colecho Beige,"Nvzi piezas de flores de papel crepé de 12 pulgadas para decoración de pared,baby shower, fiesta de cumpleaños,decoración de pared de guardería, beige",209.99,,00087328552415,https://www.walmart.com.mx/ip/f/nvzi-piezas-de-flores-de-papel-crepe-de-12-pulgadas-para-decoracion-de-pared-baby-shower-fiesta-de-cumpleanos-decoracion-de-pared-de-guarderia-beige/00087328552415?from=/search,ONFSLX,imgs/img_Baby_Colecho_Beige_1_32.jpg
Baby Colecho Beige,"Nvzi 10 piezas de flores de papel crepé de 10 pulgadas para decoración de pared,baby shower, fiesta de cumpleaños,decoración de pared de guardería, beige",239.99,,00091137711625,https://www.walmart.com.mx/ip/decoracion-tapetes-y-cojines/nvzi-10-piezas-de-flores-de-papel-crepe-de-10-pulgadas-para-decoracion-de-pared-baby-shower-fiesta-de-cumpleanos-decoracion-de-pared-de-guarderia-beige/00091137711625?from=/search,ONFSLX,imgs/img_Baby_Colecho_Beige_1_35.jpg
Baby Colecho Beige,"Nvzi piezas de flores de papel crepé de 10 pulgadas para decoración de pared,baby shower, fiesta de cumpleaños,decoración de pared de guardería, beige",209.99,,00083021283361,https://www.walmart.com.mx/ip/f/nvzi-piezas-de-flores-de-papel-crepe-de-10-pulgadas-para-decoracion-de-pared-baby-shower-fiesta-de-cumpleanos-decoracion-de-pared-de-guarderia-beige/00083021283361?from=/search,ONFSLX,imgs/img_Baby_Colecho_Beige_1_38.jpg
Baby Colecho Beige,"Nvzi 10 piezas de flores de papel crepé de 12 pulgadas para decoración de pared,baby shower, fiesta de cumpleaños,decoración de pared de guardería, beige",242.99,,00085697610465,https://www.walmart.com.mx/ip/f/nvzi-10-piezas-de-flores-de-papel-crepe-de-12-pulgadas-para-decoracion-de-pared-baby-shower-fiesta-de-cumpleanos-decoracion-de-pared-de-guarderia-beige/00085697610465?from=/search,ONFSLX,imgs/img_Baby_Colecho_Beige_1_41.jpg
Baby Colecho Beige,"Eggshell Night Light, Baby Night Light, Plastic, Beige",726.7,,00937468564110,https://www.walmart.com.mx/ip/iluminacion/eggshell-night-light-baby-night-light-plastic-beige/00937468564110?from=/search,shenzhenshiyixuluyun,imgs/img_Baby_Colecho_Beige_1_44.jpg
Baby Colecho Beige,"Beige Dinosaurkids Night Light,kawaii Mini Desk Lamp,animal Shape Night Light Adjustable Phone Holder,kids Baby Led Night Light For Christmas Gifts,ro",459.59,,00690422794758,https://www.walmart.com.mx/ip/iluminacion/beige-dinosaurkids-night-light-kawaii-mini-desk-lamp-animal-shape-night-light-adjustable-phone-holder-kids-baby-led-night-light-for-christmas-gifts-ro/00690422794758?athbdg=L6000&from=/search,jinanwangshaofeijixiekeji,imgs/img_Baby_Colecho_Beige_1_47.jpg
Baby Colecho Beige,"Mantas de muselina LYRICHOM BABY, paquete de 3 unidades, 96 x 102 cm, color beige",717.75,825.0,00046463595344,https://www.walmart.com.mx/ip/f/mantas-de-muselina-lyrichom-baby-paquete-de-3-unidades-96-x-102-cm-color-beige/00046463595344?athbdg=L1300&from=/search,nocnoc asia,imgs/img_Baby_Colecho_Beige_1_50.jpg
Baby Colecho Beige,Baby beanie autume baby hat Baby Hat Bufanda Warmer Earflap Cotton Spring Hood Autumn Beanie para 3-6 meses Niños Niñas Beige Set ANGGREK Otros,219.5,,00886835526935,https://www.walmart.com.mx/ip/accesorios-para-hombre/baby-beanie-autume-baby-hat-baby-hat-bufanda-warmer-earflap-cotton-spring-hood-autumn-beanie-para-3-6-meses-ninos-ninas-beige-set-anggrek-otros/00886835526935?from=/search,SPFX STORE,imgs/img_Baby_Colecho_Beige_1_53.jpg
Baby Colecho Beige,"Soporte de baño para niños,Soporte para baby shower,soporte para baño infantil,Soporte de pie para baño con altura ajustable,Soporte para ducha de bañera con soporte Beige con asiento",4729.0,5756.82,00078400597752,https://www.walmart.com.mx/ip/bano-e-higiene-del-bebe/soporte-de-bano-para-ninos-soporte-para-baby-shower-soporte-para-bano-infantil-soporte-de-pie-para-bano-con-altura-ajustable-soporte-para-ducha-de-banera-con-soporte-beige-con-asiento/00078400597752?athbdg=L1300&from=/search,perfke,imgs/img_Baby_Colecho_Beige_1_56.jpg
Baby Colecho Beige,"Soporte de baño para niños,Soporte para baby shower,soporte para baño infantil,Soporte de pie para baño con altura ajustable,Soporte para ducha de bañera con soporte Beige con asiento",5079.0,6194.04,00078400534711,https://www.walmart.com.mx/ip/bano-e-higiene-del-bebe/soporte-de-bano-para-ninos-soporte-para-baby-shower-soporte-para-bano-infantil-soporte-de-pie-para-bano-con-altura-ajustable-soporte-para-ducha-de-banera-con-soporte-beige-con-asiento/00078400534711?athbdg=L1300&from=/search,Hugo,imgs/img_Baby_Colecho_Beige_1_60.jpg
Baby Colecho Beige,"Soporte de baño para niños,Soporte para baby shower,soporte para baño infantil,Soporte de pie para baño con altura ajustable,Soporte para ducha de bañera con soporte Beige con asiento",4679.0,5498.09,00078400573574,https://www.walmart.com.mx/ip/bano-e-higiene-del-bebe/soporte-de-bano-para-ninos-soporte-para-baby-shower-soporte-para-bano-infantil-soporte-de-pie-para-bano-con-altura-ajustable-soporte-para-ducha-de-banera-con-soporte-beige-con-asiento/00078400573574?athbdg=L1300&from=/search,Strade Fareast Limited,imgs/img_Baby_Colecho_Beige_1_64.jpg
Baby Colecho Beige,"Camino de mesa de macramé beige, mantel de malla hueca elegante de encaje de ganchillo rectangular para decoración rústica de bodas bohemias, decoración de mesa para despedidas de soltera y baby showe",386.0,,00978121388240,https://www.walmart.com.mx/ip/f/camino-de-mesa-de-macrame-beige-mantel-de-malla-hueca-elegante-de-encaje-de-ganchillo-rectangular-para-decoracion-rustica-de-bodas-bohemias-decoracion-de-mesa-para-despedidas-de-soltera-y-baby-showe/00978121388240?athbdg=L6000&from=/search,YANGLIN,imgs/img_Baby_Colecho_Beige_1_68.jpg
Baby Colecho Beige,Baby Palmadita Juguete para Dormir Patrón Bebé Smelling (Beige Oso),459.0,730.0,00373868484800,https://www.walmart.com.mx/ip/f/baby-palmadita-juguete-para-dormir-patron-bebe-smelling-beige-oso-/00373868484800?athbdg=L1300&from=/search,Gadgets juguete LLC,imgs/img_Baby_Colecho_Beige_1_71.jpg
Baby Colecho Beige,"Baby Hair Bow, Pink Blue Taro Purple Beige Mint Mint Green 6pcs Lindo para El Cabello Infantil para la Foto",347.0,,00691958336794,https://www.walmart.com.mx/ip/todo-para-tu-negocio/baby-hair-bow-pink-blue-taro-purple-beige-mint-mint-green-6pcs-lindo-para-el-cabello-infantil-para-la-foto/00691958336794?athbdg=L6000&from=/search,Yanxin,imgs/img_Baby_Colecho_Beige_1_75.jpg
Baby Colecho Beige,Boho Rainbow Wood Beads- Baby Teething Toys Wood Toys Wooden Teether Ring Natural Crochet Bead Chew Toy-(beige),375.96,,00919795131371,https://www.walmart.com.mx/ip/alimentacion-y-lactancia/boho-rainbow-wood-beads-baby-teething-toys-wood-toys-wooden-teether-ring-natural-crochet-bead-chew-toy-beige-/00919795131371?athbdg=L6000&from=/search,LINKCRO,imgs/img_Baby_Colecho_Beige_1_78.jpg
Baby Colecho Beige,Macramé Iris Colgante de pared con de Adorno bohemio tejido para de cumpleaños Hogar Baby Shower Dormitorio Beige Macarena tapiz de arco iris de macramé,155.58,,00075574854204,https://www.walmart.com.mx/ip/decoracion-tapetes-y-cojines/macrame-iris-colgante-de-pared-con-de-adorno-bohemio-tejido-para-de-cumpleanos-hogar-baby-shower-dormitorio-beige-macarena-tapiz-de-arco-iris-de-macrame/00075574854204?from=/search,Macarena,imgs/img_Baby_Colecho_Beige_1_81.jpg
Baby Colecho Beige,"Almohada para bebé Sunny Baby antideformación, almohada suave para bebés Flathead (amarillo beige, 26223 cm)",587.99,,00690299542591,https://www.walmart.com.mx/ip/cuarto-del-bebe/almohada-para-bebe-sunny-baby-antideformacion-almohada-suave-para-bebes-flathead-amarillo-beige-26223-cm-/00690299542591?athbdg=L6000&from=/search,MACHAO111111,imgs/img_Baby_Colecho_Beige_1_85.jpg
Baby Colecho Beige,"Nvzi Guirnalda de borlas beige, 25 piezas, guirnalda de borlas de papel de seda para decoración de fiestas, cumpleaños, bodas, baby shower, decoración de mesa",206.99,,00082405450190,https://www.walmart.com.mx/ip/navidad/nvzi-guirnalda-de-borlas-beige-25-piezas-guirnalda-de-borlas-de-papel-de-seda-para-decoracion-de-fiestas-cumpleanos-bodas-baby-shower-decoracion-de-mesa/00082405450190?from=/search,ONFSLX,imgs/img_Baby_Colecho_Beige_1_88.jpg
Baby Colecho Beige,3-6 Pack Kids Baby Toys Bunny Doll Birthday Gifts Beige 6 piezas,589.0,685.5,00078305900993,https://www.walmart.com.mx/ip/munecas-y-peluches/3-6-pack-kids-baby-toys-bunny-doll-birthday-gifts-beige-6-piezas/00078305900993?athbdg=L1300&from=/search,Baoblaze,imgs/img_Baby_Colecho_Beige_1_91.jpg
Baby Colecho Beige,"Almohada Sunny Baby antideformación para cabeza plana, suave (amarilla y beige, 26 x 223 cm)",565.19,,00690422796589,https://www.walmart.com.mx/ip/cuarto-del-bebe/almohada-sunny-baby-antideformacion-para-cabeza-plana-suave-amarilla-y-beige-26-x-223-cm-/00690422796589?athbdg=L6000&from=/search,jinanwangshaofeijixiekeji,imgs/img_Baby_Colecho_Beige_1_95.jpg
Baby Colecho Beige,Baby Girl Flower Headbands Turban Head Wraps Infant Girls HairBand Headwear Beige Yuyangstore hairband para niña,98.79,,00074527078844,https://www.walmart.com.mx/ip/accesorios-para-mujer/baby-girl-flower-headbands-turban-head-wraps-infant-girls-hairband-headwear-beige-yuyangstore-hairband-para-nina/00074527078844?from=/search,Yuyangstore,imgs/img_Baby_Colecho_Beige_1_98.jpg
Baby Colecho Beige,Baby Pram de protección solar para el para de golf bicicleta al aire libre Beige,929.0,1123.03,00078380792068,https://www.walmart.com.mx/ip/f/baby-pram-de-proteccion-solar-para-el-para-de-golf-bicicleta-al-aire-libre-beige/00078380792068?athbdg=L1300&from=/search,Zulema,imgs/img_Baby_Colecho_Beige_1_102.jpg
Baby Colecho Beige,"Cintas de tela de grosgrain de 10yd para manualidades, decoración, caja de , envoltura de regalos, , boda, Baby Shower Beige Yotijar Rollo de cinta de tela",164.25,,00072556639450,https://www.walmart.com.mx/ip/articulos-de-fiesta-y-disfraces/cintas-de-tela-de-grosgrain-de-10yd-para-manualidades-decoracion-caja-de-envoltura-de-regalos-boda-baby-shower-beige-yotijar-rollo-de-cinta-de-tela/00072556639450?from=/search,Salvador,imgs/img_Baby_Colecho_Beige_1_106.jpg
Baby Colecho Beige,Baby Pram paraguas de protección solar para el paraguas para el carrito de golf bicicleta al aire libre Beige,929.0,1123.03,00078388455072,https://www.walmart.com.mx/ip/accesorios-para-mujer/baby-pram-paraguas-de-proteccion-solar-para-el-paraguas-para-el-carrito-de-golf-bicicleta-al-aire-libre-beige/00078388455072?athbdg=L1300&from=/search,Sharpla,imgs/img_Baby_Colecho_Beige_1_110.jpg
Baby Colecho Beige,1 Piece (beige Five-star Hat Circumference About 54cm) Children's Hat Anti-uv Cotton Sun Hat Baby Child Boy Girl Beach Bucket Adjustable Drawstring Fo,506.39,,00690422790856,https://www.walmart.com.mx/ip/accesorios-para-hombre/1-piece-beige-five-star-hat-circumference-about-54cm-children-s-hat-anti-uv-cotton-sun-hat-baby-child-boy-girl-beach-bucket-adjustable-drawstring-fo/00690422790856?athbdg=L6000&from=/search,jinanwangshaofeijixiekeji,imgs/img_Baby_Colecho_Beige_1_114.jpg
Baby Colecho Beige,"Nvzi 10 piezas de flores de papel crepé de 8 pulgadas para decoración de pared,baby shower, fiesta de cumpleaños,decoración de pared de guardería, beige",239.99,,00093748864226,https://www.walmart.com.mx/ip/decoracion-tapetes-y-cojines/nvzi-10-piezas-de-flores-de-papel-crepe-de-8-pulgadas-para-decoracion-de-pared-baby-shower-fiesta-de-cumpleanos-decoracion-de-pared-de-guarderia-beige/00093748864226?from=/search,ONFSLX,imgs/img_Baby_Colecho_Beige_1_117.jpg
Baby Colecho Beige,"Juego De Sábanas Wishes By Nap Para Colecho o Moisés 50x90cm, Bebé - 3 Piezas - Turquesa Nap Baby Juego Sábanas Colecho 50x90cm - Turquesa",499.0,,00750647331238,https://www.walmart.com.mx/ip/blancos/juego-de-sabanas-wishes-by-nap-para-colecho-o-moises-50x90cm-bebe-3-piezas-turquesa-nap-baby-juego-sabanas-colecho-50x90cm-turquesa/00750647331238?from=/search,Nap Baby,imgs/img_Baby_Colecho_Beige_1_120.jpg
Baby Colecho Beige,Carriola Kool Baby para Bebé con Portabebé Sistema de viaje Mod. TS-01 Negro/Beige,3998.0,,00750228981651,https://www.walmart.com.mx/ip/carriolas/carriola-kool-baby-para-bebe-con-portabebe-sistema-de-viaje-mod-ts-01-negro-beige/00750228981651?athbdg=L6000&from=/search,ASIA SHOP,imgs/img_Baby_Colecho_Beige_1_123.jpg
Baby Colecho Beige,Baby Palmadita Juguete para Dormir Patrón Bebé Smelling (Beige Oso),409.0,647.0,00373868415225,https://www.walmart.com.mx/ip/f/baby-palmadita-juguete-para-dormir-patron-bebe-smelling-beige-oso-/00373868415225?athbdg=L1300&from=/search,Ygjytge Belleza Inc,imgs/img_Baby_Colecho_Beige_1_125.jpg
Baby Colecho Beige,"Cintas de tela de grosgrain de 10yd para manualidades, decoración, caja de vacaciones, envoltura de regalos, , boda, Baby Shower Beige Colcomx Rollo de cinta de tela",165.16,,00071323929556,https://www.walmart.com.mx/ip/articulos-de-fiesta-y-disfraces/cintas-de-tela-de-grosgrain-de-10yd-para-manualidades-decoracion-caja-de-vacaciones-envoltura-de-regalos-boda-baby-shower-beige-colcomx-rollo-de-cinta-de-tela/00071323929556?from=/search,Fernando,imgs/img_Baby_Colecho_Beige_1_129.jpg
Baby Colecho Beige,"5 piezas de sofá de utilería suave para baby shower, mini asiento, decoración de cumpleaños, fotografía de recién nacidos beige",669.0,787.06,00078280068057,https://www.walmart.com.mx/ip/ropa-para-nina/5-piezas-de-sofa-de-utileria-suave-para-baby-shower-mini-asiento-decoracion-de-cumpleanos-fotografia-de-recien-nacidos-beige/00078280068057?athbdg=L1300&from=/search,Strade Fareast Limited,imgs/img_Baby_Colecho_Beige_1_133.jpg
Baby Colecho Beige,Set de alimentación para bebés Munlinder Silicone Baby Led Weaning Beige,939.0,,00046534243470,https://www.walmart.com.mx/ip/f/set-de-alimentacion-para-bebes-munlinder-silicone-baby-led-weaning-beige/00046534243470?from=/search,Nocnoc,imgs/img_Baby_Colecho_Beige_1_137.jpg
Baby Colecho Beige,"Penkiiy Baby Cartoon Toddler Shoes, 2025 Baby Sock Shoes, Baby Toddler Shoes for Boys Girls First Walking 0 - 6 Months Beige",209.1,,00762257390220,https://www.walmart.com.mx/ip/f/penkiiy-baby-cartoon-toddler-shoes-2025-baby-sock-shoes-baby-toddler-shoes-for-boys-girls-first-walking-0-6-months-beige/00762257390220?athbdg=L6000&from=/search,Penkiiy,imgs/img_Baby_Colecho_Beige_1_140.jpg
Baby Colecho Beige,Sandalias Baby Beige zapatos para niños transpirables (30) beige,339.0,540.0,00480708259752,https://www.walmart.com.mx/ip/zapatos-para-hombre/sandalias-baby-beige-zapatos-para-ninos-transpirables-30-beige/00480708259752?athbdg=L1300&from=/search,Gadgets juguete LLC,imgs/img_Baby_Colecho_Beige_1_143.jpg
Baby Colecho Beige,Heart Baby Girl de sol Puente Ancho 11 mm Cómodo de usar Beige Zulema gafas de sol para niños pequeños,139.0,169.51,00067664887727,https://www.walmart.com.mx/ip/lentes/heart-baby-girl-de-sol-puente-ancho-11-mm-comodo-de-usar-beige-zulema-gafas-de-sol-para-ninos-pequenos/00067664887727?athbdg=L1300&from=/search,Zulema,imgs/img_Baby_Colecho_Beige_1_147.jpg
Baby Colecho Beige,Sandalias Baby Beige de los zapatos para niños transpirables (29) Beige,339.0,540.0,00480708259751,https://www.walmart.com.mx/ip/zapatos-para-nina/sandalias-baby-beige-de-los-zapatos-para-ninos-transpirables-29-beige/00480708259751?athbdg=L1300&from=/search,Gadgets juguete LLC,imgs/img_Baby_Colecho_Beige_2_0.jpg
Baby Colecho Beige,Cuna de Viaje Colecho Baby All Pro 3 en 1 Color Kaki,2028.83,2599.0,00750061102558,https://www.walmart.com.mx/ip/cuarto-del-bebe/cuna-de-viaje-colecho-baby-all-pro-3-en-1-color-kaki/00750061102558?athbdg=L1300&from=/search,TODO PARA MIMADOS SA DE CV,imgs/img_Baby_Colecho_Beige_2_4.jpg
Baby Colecho Beige,Baby girls and boys Rose Flower Chupete Chupete Clip Dentición Holder Cadena Beige CUTICAT Clip de chupete de flor,123.54,,00073720099156,https://www.walmart.com.mx/ip/cuarto-para-ninos/baby-girls-and-boys-rose-flower-chupete-chupete-clip-denticion-holder-cadena-beige-cuticat-clip-de-chupete-de-flor/00073720099156?from=/search,CUTICAT,imgs/img_Baby_Colecho_Beige_2_7.jpg
Baby Colecho Beige,"Flower Gift Paper Packaging Boxes Clear Window Wedding Baby Shower Favors , S beige Yotijar caja del paquete",193.66,,00072556623569,https://www.walmart.com.mx/ip/articulos-de-fiesta-y-disfraces/flower-gift-paper-packaging-boxes-clear-window-wedding-baby-shower-favors-s-beige-yotijar-caja-del-paquete/00072556623569?from=/search,Salvador,imgs/img_Baby_Colecho_Beige_2_11.jpg
Baby Colecho Beige,"Kit de arco de globos beige, 157 piezas de oro blanco y kit de guirnalda de globos blanco arena, decoración de globos para fiesta de cumpleaños, boda, baby shower y aniversario",367.3,,00144765136163,https://www.walmart.com.mx/ip/articulos-de-fiesta-y-disfraces/kit-de-arco-de-globos-beige-157-piezas-de-oro-blanco-y-kit-de-guirnalda-de-globos-blanco-arena-decoracion-de-globos-para-fiesta-de-cumpleanos-boda-baby-shower-y-aniversario/00144765136163?from=/search,LW KT,imgs/img_Baby_Colecho_Beige_2_15.jpg
Baby Colecho Beige,Cajas De Embalaje De Papel De Regalo De Flores Ventana Transparente Boda Baby Shower Favores S Beige Sunnimix caja del paquete,289.82,,00075539268648,https://www.walmart.com.mx/ip/papeleria/cajas-de-embalaje-de-papel-de-regalo-de-flores-ventana-transparente-boda-baby-shower-favores-s-beige-sunnimix-caja-del-paquete/00075539268648?from=/search,Strade Fareast Limited,imgs/img_Baby_Colecho_Beige_2_19.jpg
Baby Colecho Beige,3-6 Pack Kids Baby Toys Bunny Doll Birthday Gifts Beige 5 piezas,509.0,597.76,00078305901114,https://www.walmart.com.mx/ip/munecas-y-peluches/3-6-pack-kids-baby-toys-bunny-doll-birthday-gifts-beige-5-piezas/00078305901114?athbdg=L1300&from=/search,Baoblaze,imgs/img_Baby_Colecho_Beige_2_23.jpg
Baby Colecho Beige,Juego de Sábanas para Colecho o Moisés 50x90 cm - 3 piezas Nap Baby Azul Mar,649.0,,00750647330570,https://www.walmart.com.mx/ip/accesorios-y-herramientas/juego-de-sabanas-para-colecho-o-moises-50x90-cm-3-piezas-nap-baby-azul-mar/00750647330570?from=/search,Nap Baby,imgs/img_Baby_Colecho_Beige_2_27.jpg
Baby Colecho Beige,Cubierta de fondo redonda Cubierta de fondo Cubierta de fondo elástica Soporte de fondo para fotografía de baby shower Compromiso Decoración de boda Beige 180cm,489.77,,00078345069765,https://www.walmart.com.mx/ip/accesorios-para-camaras/cubierta-de-fondo-redonda-cubierta-de-fondo-cubierta-de-fondo-elastica-soporte-de-fondo-para-fotografia-de-baby-shower-compromiso-decoracion-de-boda-beige-180cm/00078345069765?from=/search,Soledad,imgs/img_Baby_Colecho_Beige_2_29.jpg
Baby Colecho Beige,Soft Baby Nursery Pillows Unisex Newborns Head Shaping Infant Support Sleeping Head Sleep Pillows With Bear Ears (beige) Mengying,321.6,,00064421532309,https://www.walmart.com.mx/ip/cuarto-del-bebe/soft-baby-nursery-pillows-unisex-newborns-head-shaping-infant-support-sleeping-head-sleep-pillows-with-bear-ears-beige-mengying/00064421532309?from=/search,SZYXHMY,imgs/img_Baby_Colecho_Beige_2_33.jpg
Baby Colecho Beige,Lovely Baby Kids Tejer Beret Beanie Hat Beige Sunnimix Sombreros para niños,120.0,,00064081675527,https://www.walmart.com.mx/ip/accesorios-para-hombre/lovely-baby-kids-tejer-beret-beanie-hat-beige-sunnimix-sombreros-para-ninos/00064081675527?from=/search,Strade Fareast Limited,imgs/img_Baby_Colecho_Beige_2_36.jpg
Baby Colecho Beige,"Playpen Omzer Baby con alfombrilla de seguridad para interiores, 127 x 127 cm, color beige",2910.6,3465.0,00019816850064,https://www.walmart.com.mx/ip/f/playpen-omzer-baby-con-alfombrilla-de-seguridad-para-interiores-127-x-127-cm-color-beige/00019816850064?athbdg=L1300&from=/search,Nocnoc,imgs/img_Baby_Colecho_Beige_2_40.jpg
Baby Colecho Beige,Fasiaou Toddler Utensils Baby Utensils Toddler Forks and Spoons Baby Forks and Spoons Set Kids Stainless Steel Silverware Set Children Safe Forks and Spoons self feedig-Dishwasher Safe(Beige),198.94,,00220135628274,https://www.walmart.com.mx/ip/mesa/fasiaou-toddler-utensils-baby-utensils-toddler-forks-and-spoons-baby-forks-and-spoons-set-kids-stainless-steel-silverware-set-children-safe-forks-and-spoons-self-feedig-dishwasher-safe-beige-/00220135628274?from=/search,Fasiaou,imgs/img_Baby_Colecho_Beige_2_43.jpg
Baby Colecho Beige,"Penkiiy Baby Cartoon Toddler Shoes, 2025 Baby Sock Shoes, Baby Toddler Shoes for Boys Girls First Walking 6 - 12 Months Beige",209.1,,00762257390223,https://www.walmart.com.mx/ip/f/penkiiy-baby-cartoon-toddler-shoes-2025-baby-sock-shoes-baby-toddler-shoes-for-boys-girls-first-walking-6-12-months-beige/00762257390223?athbdg=L6000&from=/search,Penkiiy,imgs/img_Baby_Colecho_Beige_2_47.jpg
Baby Colecho Beige,Prettyia Universal Baby Swaddle Manta Saco de dormir Saco para asiento de coche Cochecito Beige Zulema Sobre de punto cálido,475.04,,00009022224975,https://www.walmart.com.mx/ip/cuarto-para-ninos/prettyia-universal-baby-swaddle-manta-saco-de-dormir-saco-para-asiento-de-coche-cochecito-beige-zulema-sobre-de-punto-calido/00009022224975?from=/search,Zulema,imgs/img_Baby_Colecho_Beige_2_51.jpg
Baby Colecho Beige,Muitar Soft Baby Nursery Pillows Unisex Newborns Head Shaping Infant Support Sleeping Head Sleep Pillows With Bear Ears (beige),402.12,,00064421534374,https://www.walmart.com.mx/ip/cuarto-del-bebe/muitar-soft-baby-nursery-pillows-unisex-newborns-head-shaping-infant-support-sleeping-head-sleep-pillows-with-bear-ears-beige-/00064421534374?from=/search,SZYXHMY,imgs/img_Baby_Colecho_Beige_2_55.jpg
Baby Colecho Beige,Juego de Sábanas para Colecho o Moisés 50x90 cm - 3 piezas Nap Baby Rayitas Grises,649.0,,00750647331081,https://www.walmart.com.mx/ip/blancos/juego-de-sabanas-para-colecho-o-moises-50x90-cm-3-piezas-nap-baby-rayitas-grises/00750647331081?from=/search,Nap Baby,imgs/img_Baby_Colecho_Beige_2_58.jpg
Baby Colecho Beige,"Arreglo de bolas de flores artificiales, bola de flores de seda romántica, ramo de flores, bolas de rosas de flores falsas para Baby Shower , beige",189.0,215.12,00078202226319,https://www.walmart.com.mx/ip/decoracion/arreglo-de-bolas-de-flores-artificiales-bola-de-flores-de-seda-romantica-ramo-de-flores-bolas-de-rosas-de-flores-falsas-para-baby-shower-beige/00078202226319?athbdg=L1300&from=/search,Strade Fareast Limited,imgs/img_Baby_Colecho_Beige_2_60.jpg
Baby Colecho Beige,Baby Strollers para de 360 ​​grados Parasol para deportes en bicicleta al aire libre Beige,919.0,1076.24,00078386466376,https://www.walmart.com.mx/ip/carriolas/baby-strollers-para-de-360-grados-parasol-para-deportes-en-bicicleta-al-aire-libre-beige/00078386466376?athbdg=L1300&from=/search,Colamx,imgs/img_Baby_Colecho_Beige_2_64.jpg
Baby Colecho Beige,Juego de Sábanas para Colecho o Moisés 50x90 cm - 3 piezas Nap Baby Lunares,649.0,,00750647331010,https://www.walmart.com.mx/ip/blancos/juego-de-sabanas-para-colecho-o-moises-50x90-cm-3-piezas-nap-baby-lunares/00750647331010?from=/search,Nap Baby,imgs/img_Baby_Colecho_Beige_2_68.jpg
Baby Colecho Beige,Bata de Baño Oso Mediana 2-3 Años Algodón Beige Small Soul Baby BOM_BEI,599.0,,00750127569006,https://www.walmart.com.mx/ip/bano-e-higiene-del-bebe/bata-de-bano-oso-mediana-2-3-anos-algodon-beige-small-soul-baby-bom-bei/00750127569006?from=/search,NUUPP,imgs/img_Baby_Colecho_Beige_2_70.jpg
Baby Colecho Beige,Cuna corral Prinsel Colecho Gris 1 pza,1449.0,1999.0,00750103696052,https://www.walmart.com.mx/ip/cuarto-del-bebe/cuna-corral-prinsel-colecho-gris-1-pza/00750103696052?from=/search,PRINCO,imgs/img_Baby_Colecho_Beige_3_0.jpg
Baby Colecho Beige,Cuna Colecho Portátil de Viaje Baby Nest Antireflujo Color Gris Claro,1779.31,2899.0,00750061102556,https://www.walmart.com.mx/ip/cuarto-del-bebe/cuna-colecho-portatil-de-viaje-baby-nest-antireflujo-color-gris-claro/00750061102556?from=/search,TODO PARA MIMADOS SA DE CV,imgs/img_Baby_Colecho_Beige_3_4.jpg
Baby Colecho Beige,Juego de Sábanas para Colecho o Moisés 50x90 cm - 3 piezas Nap Baby Arcos Gris,649.0,,00750647330291,https://www.walmart.com.mx/ip/blancos/juego-de-sabanas-para-colecho-o-moises-50x90-cm-3-piezas-nap-baby-arcos-gris/00750647330291?from=/search,Nap Baby,imgs/img_Baby_Colecho_Beige_3_7.jpg
Baby Colecho Beige,Baby Floor Mat Pyhouse campaña Alfombra Beige Zulema Juguete para niños,419.0,510.98,00060321594125,https://www.walmart.com.mx/ip/f/baby-floor-mat-pyhouse-campana-alfombra-beige-zulema-juguete-para-ninos/00060321594125?from=/search,Zulema,imgs/img_Baby_Colecho_Beige_3_9.jpg
Baby Colecho Beige,Protector Impermeable 50x90 cm Nap Baby Para Colchón Colecho o Moisés,399.0,,00750647330437,https://www.walmart.com.mx/ip/blancos/protector-impermeable-50x90-cm-nap-baby-para-colchon-colecho-o-moises/00750647330437?from=/search,Nap Baby,imgs/img_Baby_Colecho_Beige_3_13.jpg
Baby Colecho Beige,Bata Baño Oso Chica 1-2 Años Algodón Beige Small Soul Baby Small Soul Baby BOC_BEI,599.0,,00750127569005,https://www.walmart.com.mx/ip/bano-e-higiene-del-bebe/bata-bano-oso-chica-1-2-anos-algodon-beige-small-soul-baby-small-soul-baby-boc-bei/00750127569005?from=/search,NUUPP,imgs/img_Baby_Colecho_Beige_3_15.jpg
Baby Colecho Beige,Juego de Sábanas para Colecho o Moisés 50x90 cm - 3 piezas Nap Baby Chevron Gris/Blanco,649.0,,00750647330110,https://www.walmart.com.mx/ip/blancos/juego-de-sabanas-para-colecho-o-moises-50x90-cm-3-piezas-nap-baby-chevron-gris-blanco/00750647330110?from=/search,Nap Baby,imgs/img_Baby_Colecho_Beige_3_17.jpg
Baby Colecho Beige,Juego de Sábanas para Colecho o Moisés 50x90 cm - 3 piezas Nap Baby Estrellitas Azules,649.0,,00750647331078,https://www.walmart.com.mx/ip/blancos/juego-de-sabanas-para-colecho-o-moises-50x90-cm-3-piezas-nap-baby-estrellitas-azules/00750647331078?from=/search,Nap Baby,imgs/img_Baby_Colecho_Beige_3_19.jpg
Baby Colecho Beige,Juego de Sábanas para Colecho o Moisés 50x90 cm - 3 piezas Nap Baby Rosa,649.0,,00750647330443,https://www.walmart.com.mx/ip/blancos/juego-de-sabanas-para-colecho-o-moises-50x90-cm-3-piezas-nap-baby-rosa/00750647330443?from=/search,Nap Baby,imgs/img_Baby_Colecho_Beige_3_21.jpg
Baby Colecho Beige,Wheat Straw Bowl Children Wheat Straw Bowl Baby Cereal Bowl Children Wheat Straw Bowl Household Baby Toddler Feeding Bowl For Cereal Rice Snack With Spoon Beige,173.02,,00561338282624,https://www.walmart.com.mx/ip/mesa/wheat-straw-bowl-children-wheat-straw-bowl-baby-cereal-bowl-children-wheat-straw-bowl-household-baby-toddler-feeding-bowl-for-cereal-rice-snack-with-spoon-beige/00561338282624?from=/search,Lulu Store,imgs/img_Baby_Colecho_Beige_3_23.jpg
Baby Colecho Beige,Juego de Sábanas para Colecho o Moisés 50x90 cm - 3 piezas Nap Baby Rayas Rosas,649.0,,00750647330015,https://www.walmart.com.mx/ip/blancos/juego-de-sabanas-para-colecho-o-moises-50x90-cm-3-piezas-nap-baby-rayas-rosas/00750647330015?from=/search,Nap Baby,imgs/img_Baby_Colecho_Beige_3_25.jpg
Baby Colecho Beige,Juego de Sábanas para Colecho o Moisés 50x90 cm - 3 piezas Nap Baby Fases Lunares,649.0,,00750647331077,https://www.walmart.com.mx/ip/blancos/juego-de-sabanas-para-colecho-o-moises-50x90-cm-3-piezas-nap-baby-fases-lunares/00750647331077?from=/search,Nap Baby,imgs/img_Baby_Colecho_Beige_3_27.jpg
Baby Colecho Beige,Manhattan Toy Wee Baby Stella Beige 12 Soft Baby Doll,1529.0,1988.0,00001196447387,https://www.walmart.com.mx/ip/munecas-y-peluches/manhattan-toy-wee-baby-stella-beige-12-soft-baby-doll/00001196447387?from=/search,Ranor Infinity,imgs/img_Baby_Colecho_Beige_3_29.jpg
Baby Colecho Beige,Juego de Sábanas para Colecho o Moisés 50x90 cm - 3 piezas Nap Baby Flores,649.0,,00750647331075,https://www.walmart.com.mx/ip/blancos/juego-de-sabanas-para-colecho-o-moises-50x90-cm-3-piezas-nap-baby-flores/00750647331075?from=/search,Nap Baby,imgs/img_Baby_Colecho_Beige_3_33.jpg
Baby Colecho Beige,Manhattan Toy Snuggle Pod Hunny Bunny Beige First Baby Doll with Cozy Sleep Sack for Ages 6 Months and Up,1416.0,1841.0,00001196451324,https://www.walmart.com.mx/ip/munecas-y-peluches/manhattan-toy-snuggle-pod-hunny-bunny-beige-first-baby-doll-with-cozy-sleep-sack-for-ages-6-months-and-up/00001196451324?from=/search,Ranor Infinity,imgs/img_Baby_Colecho_Beige_3_35.jpg
Baby Colecho Beige,Levtex Baby - Nube Muselina Cuna Volante para el polvo - Bebé - Muselina beige - Muselina texturizada beige - Volantes de polvo (52 x 28 + 16),1725.0,2242.0,00019094516608,https://www.walmart.com.mx/ip/cuarto-del-bebe/levtex-baby-nube-muselina-cuna-volante-para-el-polvo-bebe-muselina-beige-muselina-texturizada-beige-volantes-de-polvo-52-x-28-16-/00019094516608?from=/search,Ranor Infinity,imgs/img_Baby_Colecho_Beige_3_39.jpg
Baby Colecho Beige,Juego de Sábanas para Colecho o Moisés 50x90 cm - 3 piezas Nap Baby Estrellas Rellenas,649.0,,00750647331080,https://www.walmart.com.mx/ip/blancos/juego-de-sabanas-para-colecho-o-moises-50x90-cm-3-piezas-nap-baby-estrellas-rellenas/00750647331080?from=/search,Nap Baby,imgs/img_Baby_Colecho_Beige_3_42.jpg
Baby Colecho Beige,Montable Electrico para Niños The Baby Shop Cooper con Control Remoto Luz Led 12v Beige,3589.0,4029.0,00074272912299,https://www.walmart.com.mx/ip/montables/montable-electrico-para-ninos-the-baby-shop-cooper-con-control-remoto-luz-led-12v-beige/00074272912299?from=/search,The Baby Shop,imgs/img_Baby_Colecho_Beige_3_44.jpg
Baby Colecho Beige,Saquito baby sleeping polar fleece Beige 6-12 meses CHIQUI MUNDO Beige; Saquito para dormir; Ultrasuave,259.0,,00750060002134,https://www.walmart.com.mx/ip/cuarto-para-ninos/saquito-baby-sleeping-polar-fleece-beige-6-12-meses-chiqui-mundo-beige-saquito-para-dormir-ultrasuave/00750060002134?from=/search,CHIQUIMUNDO SA DE CV,imgs/img_Baby_Colecho_Beige_3_47.jpg
Baby Colecho Beige,Cuna Colecho Portátil de Viaje Baby Nest Antireflujo Color Gris Obscuro,1779.31,2899.0,00750061102554,https://www.walmart.com.mx/ip/cuarto-del-bebe/cuna-colecho-portatil-de-viaje-baby-nest-antireflujo-color-gris-obscuro/00750061102554?from=/search,TODO PARA MIMADOS SA DE CV,imgs/img_Baby_Colecho_Beige_3_49.jpg
Baby Colecho Beige,Cuna Colecho Portátil de Viaje Baby Nest Antireflujo Color Rosa,1779.31,2899.0,00750061102555,https://www.walmart.com.mx/ip/cuarto-del-bebe/cuna-colecho-portatil-de-viaje-baby-nest-antireflujo-color-rosa/00750061102555?from=/search,TODO PARA MIMADOS SA DE CV,imgs/img_Baby_Colecho_Beige_3_52.jpg
Baby Colecho Beige,Juego de Sábanas para Colecho o Moisés 50x90 cm - 3 piezas Nap Baby Gris,649.0,,00750647330367,https://www.walmart.com.mx/ip/cuarto-del-bebe/juego-de-sabanas-para-colecho-o-moises-50x90-cm-3-piezas-nap-baby-gris/00750647330367?from=/search,Nap Baby,imgs/img_Baby_Colecho_Beige_3_55.jpg
Baby Colecho Beige,Juego de Sábanas para Colecho o Moisés 50x90 cm - 3 piezas Nap Baby Estrellitas Vino,649.0,,00750647331076,https://www.walmart.com.mx/ip/blancos/juego-de-sabanas-para-colecho-o-moises-50x90-cm-3-piezas-nap-baby-estrellitas-vino/00750647331076?from=/search,Nap Baby,imgs/img_Baby_Colecho_Beige_3_57.jpg
Baby Colecho Beige,"Nap Baby Cojín Posicionador ó AntiReflujo para Porta Bebé, Carreola ó Autoasiento Nap Baby Burbuja Beige",499.0,,00750647331319,https://www.walmart.com.mx/ip/cuarto-del-bebe/nap-baby-cojin-posicionador-o-antireflujo-para-porta-bebe-carreola-o-autoasiento-nap-baby-burbuja-beige/00750647331319?from=/search,Nap Baby,imgs/img_Baby_Colecho_Beige_3_59.jpg
Baby Colecho Beige,Cuna de Viaje Colecho Baby All Pro 3 en 1 Color Gris Obscuro,2028.83,2599.0,00750061102557,https://www.walmart.com.mx/ip/cuarto-del-bebe/cuna-de-viaje-colecho-baby-all-pro-3-en-1-color-gris-obscuro/00750061102557?athbdg=L1300&from=/search,TODO PARA MIMADOS SA DE CV,imgs/img_Baby_Colecho_Beige_4_0.jpg
Baby Colecho Beige,Cuna de Viaje Colecho Baby All Pro 3 en 1 Color Rosa,2028.83,2599.0,00750061102559,https://www.walmart.com.mx/ip/cuarto-del-bebe/cuna-de-viaje-colecho-baby-all-pro-3-en-1-color-rosa/00750061102559?athbdg=L1300&from=/search,TODO PARA MIMADOS SA DE CV,imgs/img_Baby_Colecho_Beige_4_3.jpg
Baby Colecho Beige,"Puzle para gimnasio Baby Playmats YIMINYUER, de EVA, 18 unidades, beige y gris",1323.54,1539.0,00046660544946,https://www.walmart.com.mx/ip/juguetes-y-estimulacion-temprana/puzle-para-gimnasio-baby-playmats-yiminyuer-de-eva-18-unidades-beige-y-gris/00046660544946?athbdg=L1300&from=/search,nocnoc asia,imgs/img_Baby_Colecho_Beige_4_6.jpg
Baby Colecho Beige,"Elegante portabebés beige y dorado: cómodo, suave y de apoyo, cabestrillo con anillo ajustable para mamá y papá, ideal para registro de bebé, recién nacido a niño pequeño, baby shower",1996.0,2595.0,00019764417216,https://www.walmart.com.mx/ip/mama/elegante-portabebes-beige-y-dorado-comodo-suave-y-de-apoyo-cabestrillo-con-anillo-ajustable-para-mama-y-papa-ideal-para-registro-de-bebe-recien-nacido-a-nino-pequeno-baby-shower/00019764417216?athbdg=L1300&from=/search,Ranor Infinity,imgs/img_Baby_Colecho_Beige_4_9.jpg
Baby Colecho Beige,Set De Edredón Para Corral/Minicuna Baby Baby Hippo Beige,525.0,,00750201491771,https://www.walmart.com.mx/ip/cuarto-del-bebe/set-de-edredon-para-corral-minicuna-baby-baby-hippo-beige/00750201491771?from=/search,Traviesitos Shop,imgs/img_Baby_Colecho_Beige_4_12.jpg
Baby Colecho Beige,Triciclo para Niños THE BABY SHOP plegable Con luz y sonido 2 a 4 años Beige,1139.0,1279.0,00074272912276,https://www.walmart.com.mx/ip/montables/triciclo-para-ninos-the-baby-shop-plegable-con-luz-y-sonido-2-a-4-anos-beige/00074272912276?athbdg=L1300&from=/search,The Baby Shop,imgs/img_Baby_Colecho_Beige_4_14.jpg
Baby Colecho Beige,Manhattan Toy Wee Baby Stella Beige Sleepy Times Scent 12 Soft Baby Doll Set,1622.0,2109.0,00001196447831,https://www.walmart.com.mx/ip/munecas-y-peluches/manhattan-toy-wee-baby-stella-beige-sleepy-times-scent-12-soft-baby-doll-set/00001196447831?athbdg=L1300&from=/search,Ranor Infinity,imgs/img_Baby_Colecho_Beige_4_17.jpg
